<?xml version="1.0" encoding="UTF-8"?>
<?xml-model href="./schemas/base.rnc" type="application/relax-ng-compact-syntax"?>

<presentation>
  <meta>
    <author>Dominik Vasko</author>
    <date> 2019-04-11 </date>
  </meta>
  <slides>
    <slide type="title">
      <title> Create a presentation using XSL Transformations </title>
    </slide>

    <slide type="itemize">
      <title> What you will need </title>
      <itemize>
	<item><bold>Saxon</bold>, a xslt processor</item>
	<item><bold>FOP</bold>, a xml:fo processor</item>
	<item><italics>Stylesheets</italics>, for your xslt transformation</item>
	<item>XML, XSL editor, you can also use <underline>Atom, VSC, VIM, Emacs, etc.</underline></item>
      </itemize>
    </slide>

    <slide type="multicol">
      <title> Saxon </title>
      <multicol>
	<itemize>
	  <item> Input: xml file and xsl tranformation </item>
	  <item> Output: another xml file(xml, xml:fo, xhtml, etc.) </item>
	  <item> Linting </item>
	  <item> Version 9.9 </item>
	  <item> Java version, Windows, Linux </item>
	</itemize>
	<picture href="../assets/saxonica.gif" width="600" caption="Logo of Saxonica"/>
      </multicol>
    </slide>

    <slide type="multicol">
      <title> FOP </title>
      <multicol>
	<itemize>
	  <item> Input: xml:fo file </item>
	  <item> Output: pdf </item>
	  <item> Version 2.1 or higher </item>
	</itemize>
	<picture href="../assets/fop.png" width="600" caption="Logo of Apache"/>
      </multicol>
    </slide>

    <slide type="itemize">
      <title> Used constructs </title>
      <itemize>
	<item>Title</item>
	<item>Text highlighting</item>
	<item>Lists</item>
	<itemize>
	  <item>Oridinary Lists</item>
	  <item>Nesed Lists (2 levels)</item>
	</itemize>
	<item>Images</item>
	<item>Mixture of Pictures and Lists</item>
	<itemize>
	  <item>Picture + Picture</item>
	  <item>List + Picture</item>
	</itemize>
      </itemize>
    </slide>

    <slide type="multicol">
      <title> Lists </title>
      <multicol>
	<itemize>
	  <item>List-item construct in xml:fo</item>
	  <item>Unordered lists in xhtml</item>
	</itemize>
	<picture href="../assets/list.png" width="600" caption="XML:FO List" />
      </multicol>
    </slide>

    <slide type="multicol">
      <title> Pictures </title>
      <multicol>
	<itemize>
	  <item>External-graphics in xml:fo (png, gif, jpg)</item>
	  <item>&lt;img&gt; tag in XHTML</item>
	</itemize>
	<picture href="../assets/pic.png" width="600" caption="Using external images" />
      </multicol>
    </slide>

    <slide type="multicol">
      <title> Multicol </title>
      <multicol>
	<itemize>
	  <item>Document body has 2 columns by default fo:block</item>
	  <item>Span="all" can be used to span every column</item>
	  <item>For XHTML -  &lt;div&gt; tags with floats</item>
	</itemize>
	<picture href="../assets/fo.png" width="600" caption="Multiple columns"/>
      </multicol>
    </slide>   

    <slide type="multicol">
      <title>Validation</title>
      <itemize>
	<item> Relax NG </item>
	<item> Compact syntax </item>
	<item> Schemas </item>
      </itemize>
    </slide>

    <slide type="multicol">
      <title>Custom parameters</title>
      <multicol>
	<itemize>
	  <item> Font size </item>
	  <item> Font face </item>
	  <item> Default page height for XHTML </item>
	</itemize>
	<picture href="../assets/param.png" width="600" caption="Customizable parameters"/>
      </multicol>
    </slide>
    
    <slide type="itemize">
      <title>Files</title>
      <itemize>
	<item> XHTML for each slide </item>
	<item> One big pdf </item>
	<item> Schema file for validation </item>
	<item> makefile for linux</item>
	<item> .bat for windows</item>
      </itemize>
    </slide>

    <slide type="itemize">
      <title>Problems with repetitive code</title>
      <itemize>
	<item> multicol/picture and picture templates </item>
	<item> 99% same </item>
	<item> DRY </item>
	<itemize>
	  <item> Dont </item>
	  <item> Repeat </item>
	  <item> Yourself </item>
	</itemize>
      </itemize>
    </slide>

    <slide type="picture">
      <title>Solution for pictures</title>
      <multicol>
	<picture href="../assets/mpic1.png" width="600" caption="Using parameters with templates" />
	<picture href="../assets/mpic2.png" width="600" caption="Using parameters with templates" />
      </multicol>
    </slide>
    
    <slide type="picture">
      <title>The result</title>
      <picture href="../assets/end.png" width="600" caption="Same content in pdf and xhtml form" />
    </slide>
  </slides>
</presentation>

